id;ticket;category;country;description
f5c31483-da49-4222-b594-66fdd0d1c557;via;knowledgeable store;Montenegro;mmm reluctantly although
91ec549b-fc86-4ba8-a413-c6ad008167ba;denitrify;notwithstanding;Morocco;obnoxiously
db4b18c1-6ff9-4182-8865-d0eac40c6e13;onto climb;fooey ugh;Italy;ah
27106e08-8085-4143-9d07-34972291a7ce;where duh;syringe;Zimbabwe;ouch
9aa8c3a6-4c26-484c-98df-e5cf8644d032;after commandeer;indeed gosh zowie;Uganda;hence trouser
244c6950-78fa-4eb0-95a9-7e9190442973;blah around uh-huh;amid;Benin;optimal gadzooks
e50a44b7-cec3-49cd-9a47-775cffed88fa;than if;but;Burundi;uh-huh
277b9c1b-7046-47a0-8a7e-62d2732b98db;amidst;fiddle lovingly lightly;Montenegro;well-lit concerning
c243a094-fb0f-48f4-85dc-627893a4dc86;ouch seldom;around proofread shallow;Eritrea;faithfully if until
20caf349-a34c-4f6e-98d2-0e5be0e14872;marvelous;if allegation;Gambia;merrily laughter
0ec38bf7-9e26-43b3-8be4-956c799d0c44;meanwhile;flood;Czechia;good debut on
d7212742-5e47-4f4d-a957-758fe4ff6b41;rubric;sniff;Guernsey;concerned kissingly
1f9a23c3-fe62-4032-8a81-9bc2803bb2de;procurement;antelope dusk till;Egypt;brush yowza
1d9d79a9-3d4c-419d-a983-acf5b5efaaf6;concerned up who;in;Honduras;inasmuch frantically
3ad6c6ad-229f-4f34-8d20-a29986b00a9e;deed;blah obedience unit;Peru;likewise reborn unless
2ce270d0-c40c-43ff-aeea-26ee43272647;mobilise;wherever;Montserrat;sonar
8404792e-9d73-4640-b330-caecfcf016cc;amid;fraternise community unaccountably;Bulgaria;ouch animated
a10646cc-9a94-4ebd-9ad0-084d5449b411;energetically;aha woot;Timor-Leste;spiffy where bright
86cf5a0b-a885-41b1-b958-e7a5deff9b6a;for;overreact;Mexico;meh beret
6f1ea33a-f7eb-4aae-81c1-acb5b9f8c1df;colorfully beneath firm;dandelion;Sudan;defensive
758c4f6c-4979-4bb7-ba7e-efa9a3697597;barge how;porter who;Antigua and Barbuda;bell adventurously
1e6a2e28-3ddd-42c3-af3d-8c1a92897773;that jot testing;than ugh midst;Libyan Arab Jamahiriya;upliftingly hold
ca091a07-0018-41d3-ad71-b5d5171498eb;uh-huh upwardly;lest harangue um;Ireland;less straw
ae252ff0-c2cc-4943-82bc-6afc0d2ca717;skeleton velvety;chap;Israel;yet allocation
8c9b5f64-a706-42c9-9e25-b384c64317b0;gosh;final;Tajikistan;yowza
c1fd5bbd-51da-4e0e-af6f-8cd073b3db8a;gleefully blah present;considering;Montserrat;mmm misspend
152fb0bd-908f-4ea9-8807-d85e8a0b4c6a;yearly where;solution psst whether;Armenia;gosh eek
9f9740af-5fb8-4f37-af78-f9e8ad98661c;litter self-confidence avow;stunt;Iceland;transcend
adc71f16-213e-4db2-beeb-dce5b372c5b3;dazzling lightly abnegate;brr doing;Djibouti;although once soliloquy
ea8a5e91-e9f3-4ef3-bde9-d46460a1e81c;biodegrade expostulate;unlined yippee;Afghanistan;legend kowtow
