id;external_account_id;display_name;broker_id
1cd217f6-a20b-47e4-9f86-cbeb60690330;after almost cassava;reboot;11fd7530-73e7-4939-9d80-46eec3c90b35
9d86b40a-ff91-4306-b72d-387f4c644e67;or petal furthermore;into infamous meanwhile;3f39f127-f119-4237-b830-cdd7f4eb5639
d7ef97cd-ae16-4ebb-9e07-7c5eadfb16ca;busy;woefully;548cd695-670d-4c24-a8b2-1b1a6523d4d6
d0d8b712-0a9d-40e5-9046-bc9ef4182143;waver but;pfft overload fondly;804dc3b6-6b70-424b-9943-70cf93613ef6
7a72b7d6-69c4-4f3b-a0dd-5ec9530abb29;fatal shipper dead;warmhearted mobility;7a5c86c8-e7eb-4ce5-8920-8d2e685d26db
d5fd1aa6-eb92-4b30-9eab-84b7d438d414;pish;fooey nocturnal um;a53888c4-d6ad-43b1-8e72-69ad75c97440
ff27940f-2352-4b48-81d6-c3ec663c9e0e;abnormally whoa aside;along;08e14a68-d8ba-432e-b57e-35645fa223fe
cb8278ec-d73f-4400-adc1-607121d74bb4;considering preregister blah;entomb drat;20c94c7f-e5d0-462b-ac81-7e8b9ad01b7b
c31c06a7-893c-49cf-a887-9a6550409301;fooey;diligently;57ea09f0-f1a7-4f6b-9dce-45f6dc48d991
59d9a67f-3794-4ea1-93b1-b5b2aa080f6c;acidly near;haul snack;c17fefab-3ded-40bf-9efa-d5f8f720ad1b
54c0c662-180c-48e8-a93d-2d46326bfe15;partially as;pretend;2e74eb6f-0515-47ed-9bb8-272abc153439
0aa5c395-2c84-42ea-9d73-caadd6bf4410;ah optimistically longingly;small glum;8f149617-03b5-44ac-9a6c-97e3bea7d313
76c75b15-63bd-4abf-bff3-8393e6797f33;poorly extremely;until;6167c22c-ea9a-4276-a90a-6b5b87ddecf3
7545c533-4e1f-4428-b691-08dadf947523;internationalize;while unless;ddba7708-a4c4-4663-8c41-a989b26f80e7
477ceef9-ad7d-4a38-9050-b86d4b97357d;dazzling;along however brightly;3d1b4e80-3ca2-4d11-94cc-9d555a7a7bcf
5449caeb-7caf-41b0-9c3c-87247353e346;gruesome;misappropriate noteworthy;d3cc33b0-0813-455b-9591-afbe56361eca
a95117bf-3d94-4184-8fdb-1986d2d898e4;crackle trek soybean;but inside;a7ba26d8-e675-470a-afcc-048305d6804c
32928211-c3e1-477d-8eec-492f52a907fa;skean satisfy hmph;ha agreement;5c899ea3-5906-49b0-9cbe-c234af65ad5f
361b9dbf-3e14-480a-b48b-5bf71e5436cc;before ew overheard;unconscious yearningly before;430115a9-4751-40be-80e4-870b5602b497
8486f5c1-fc9c-4047-b769-7b30114d29f5;competent rebuild;of worldly;abe4b7c8-6006-4c89-bbd0-989f4cb7e610
20166f32-f4f5-4856-a3bd-67474dfa21f6;mooch capitalise;minus puff outlaw;65e3c817-b584-461f-a226-970d02f513c0
10ccf342-436d-455a-b290-93788c6310ea;aside er;demob excluding;fcc41d84-45f4-4dd7-917e-23ccd6f743b3
5d8b447d-5d92-4a62-9aa2-f0a2c442d8e3;ah converse alongside;likewise till offset;4b8a8d05-02c9-4ca0-95a4-1d243ee98a42
4d72f5df-d3fb-4223-a74b-c1a534073821;underplay woot diligently;always;2df1eb96-4f4a-479c-bc8b-1a0a63b12de7
c7ef7383-2029-48ad-85da-7516c7d50ba4;as below yet;sedately besides;9009f162-6a69-4abf-a7b9-4ba6ec88dfa3
42208738-aa08-4535-8df9-e81bc06baa95;underneath wise;like;812115aa-ed0b-43ec-a667-282dfec5b083
361f2180-d800-47e6-8ec4-0bf04f665f8b;maestro;abaft lest yippee;ffd53ecc-c5d4-454c-a754-20c5f47ac616
16c0dcf1-84f6-4531-a2a8-b34872150026;when kiddingly ah;likely odd solidly;eb808f1a-8680-40a8-b74b-80ed87c26ea1
b53ee22f-108a-4ecd-a556-4850b220d3c6;aside unlucky overcooked;an;b766230b-e05f-4e97-871f-45e935ceacf0
1896af3a-9b81-4f6b-9cfa-22ab863fcabc;against grown blend;concentration bustling partial;74d16fcf-6fa4-43a5-857f-d2750fdff0cb
