id;name
11fd7530-73e7-4939-9d80-46eec3c90b35;cycle bar digestive
3f39f127-f119-4237-b830-cdd7f4eb5639;inasmuch
548cd695-670d-4c24-a8b2-1b1a6523d4d6;firsthand insignificant
804dc3b6-6b70-424b-9943-70cf93613ef6;scruple as
7a5c86c8-e7eb-4ce5-8920-8d2e685d26db;like incidentally
a53888c4-d6ad-43b1-8e72-69ad75c97440;furthermore courageous redress
08e14a68-d8ba-432e-b57e-35645fa223fe;as
20c94c7f-e5d0-462b-ac81-7e8b9ad01b7b;slap prance portray
57ea09f0-f1a7-4f6b-9dce-45f6dc48d991;including
c17fefab-3ded-40bf-9efa-d5f8f720ad1b;amidst
2e74eb6f-0515-47ed-9bb8-272abc153439;next
8f149617-03b5-44ac-9a6c-97e3bea7d313;march accelerator pro
6167c22c-ea9a-4276-a90a-6b5b87ddecf3;ah boohoo
ddba7708-a4c4-4663-8c41-a989b26f80e7;although including designation
3d1b4e80-3ca2-4d11-94cc-9d555a7a7bcf;bowling onto
d3cc33b0-0813-455b-9591-afbe56361eca;sheepishly swerve
a7ba26d8-e675-470a-afcc-048305d6804c;gosh eek hmph
5c899ea3-5906-49b0-9cbe-c234af65ad5f;severe swelter
430115a9-4751-40be-80e4-870b5602b497;overconfidently apud accelerator
abe4b7c8-6006-4c89-bbd0-989f4cb7e610;at geez while
65e3c817-b584-461f-a226-970d02f513c0;safeguard kielbasa
fcc41d84-45f4-4dd7-917e-23ccd6f743b3;whose
4b8a8d05-02c9-4ca0-95a4-1d243ee98a42;pish cardboard whereas
2df1eb96-4f4a-479c-bc8b-1a0a63b12de7;aha ah
9009f162-6a69-4abf-a7b9-4ba6ec88dfa3;anti
812115aa-ed0b-43ec-a667-282dfec5b083;knottily
ffd53ecc-c5d4-454c-a754-20c5f47ac616;boastfully
eb808f1a-8680-40a8-b74b-80ed87c26ea1;plus amongst
b766230b-e05f-4e97-871f-45e935ceacf0;that giggle
74d16fcf-6fa4-43a5-857f-d2750fdff0cb;pushy mainstream
