id;snapshot_date;total_value;currency
a6823bf8-2e92-440f-ac49-b2ceb635db15;2023-12-02;27741.52;sweetly gee
d12eb672-dd60-440d-80d2-b3270e42d602;2023-12-01;26424.64;next freely
09b2a8f5-c629-4ab8-b70d-8c5234c77873;2023-12-02;20921.21;grave joyously
600e9945-37d7-4961-a4ba-e08b0c298225;2023-12-02;27724.43;exempt during phew
c84b71e9-5beb-401a-b7c9-5d8e6a6c8c64;2023-12-02;17098.69;whose collaboration over
0d5075b7-cde4-41ce-829e-c218ce8e14e4;2023-12-01;9387.08;highly under
8d2e6c8f-fe60-4e00-b298-78fb0eeb7ad8;2023-12-01;7631.33;shabby
7e7d17be-e06a-43b9-8806-52663ce4aff0;2023-12-02;18565.2;medium
8646d1f2-f04b-4b5e-bf0f-79f90f11a529;2023-12-02;21593.06;quadruple when
8d6c8008-d6ab-4b1b-88b5-33c6d895ad1d;2023-12-02;4344.82;really exalt
32fe733e-1026-495e-b1f6-9b16c6da7cd5;2023-12-02;7274.68;phooey upliftingly
d65772f0-5b18-4ba6-92d1-8d53e59c1016;2023-12-01;6466.12;ascribe elderly
a15d9d72-c9ff-44ac-95d2-844ab56c24c0;2023-12-01;32377.17;role properly
3e29f6cb-3ff4-446d-a68d-356dc4135585;2023-12-01;17700.73;throughout
9dd68380-f733-4777-ab9d-08db400fd5ed;2023-12-01;25991.32;forgather shaft
05e9a798-412e-4c43-841e-23956b4f462b;2023-12-02;12615.54;zowie dulcimer
e934e318-6906-4cef-adab-c999b27f4d95;2023-12-01;27647.76;grimy tragic
8ed72fd7-56ae-4968-8de0-a55cef5831da;2023-12-02;3334.14;as behind fervently
7cba1084-4e6c-452d-837b-6c643bb747c2;2023-12-01;2076.05;among
2f89d224-b2bf-47e4-bb08-b46a3cdddf2e;2023-12-01;11905.17;volleyball
77ac0913-856c-4d3a-a939-4ed121755202;2023-12-01;7707.18;fiercely huzzah
9be61fe0-5078-40a8-8836-de3b513d545e;2023-12-01;28629.6;beneath finally meager
1fac85a9-efec-45c2-a4ef-92cae61b481f;2023-12-01;16191.48;ugh runny
ceab3872-1f82-4a11-8d05-019910e3780a;2023-12-01;30339.85;enroll
48c68c54-8f80-496e-a94b-377b18b0c51a;2023-12-01;20095.85;dimly blah
84507f6c-a8a0-45fa-a6ce-f020adeb4622;2023-12-02;213.09;coordinated apud as
f9d1a8ed-4e22-4c74-bd3e-71c436146480;2023-12-02;19239;filthy
24e786ea-9b4f-45cc-83b2-ec2de2311ad3;2023-12-01;32326.55;given numeric safely
2e14d55b-ef52-4700-8af1-359e3944a1c7;2023-12-02;14053.85;coordination for
ef71c56a-af8a-4ea6-bb59-60c95260aa8c;2023-12-01;13481.44;ew grown
