id;ratio;effective_from;asset_id
863deb36-01de-4c48-94ea-59d9a9a29649;preside as after;2023-12-22;b0025fdb-a832-417f-b3fb-5f0f548a8c0d
a16aa326-51c0-4e14-8398-d3d51bfb7cde;morbidity whereas;2023-12-22;ebcd1c03-c89b-48ed-8792-97cf81ba5d8e
207a957e-414b-4718-88b5-2389801dfefa;personalise;2023-12-22;581d2a0d-fba1-46f6-b6bc-8e5648879b02
afb911b6-e63d-4be7-92b2-eb759463b83f;subdued confused;2023-12-22;13a10f3f-1e21-4138-ad7f-b7cb166ae330
bf1c5bc3-9d76-420b-822f-2b877c5b0587;gee endow times;2023-12-22;8b93aa24-6d8a-4d51-8d3a-8fd80638352d
bdbabd0e-09c1-4ffc-9bd6-a1023baeb5d7;for although;2023-12-22;b4b235d3-7d8c-4f02-bab7-032109ea8b68
9cdf965d-ae42-4c64-b079-bbb082943dc7;afraid whereas eternity;2023-12-22;86df24b1-b781-44f1-9ecf-99a91705b885
80a923e8-78ae-4609-abdc-246d76c421dd;forsaken meanwhile lest;2023-12-22;24beace3-65e0-4257-8e7a-69a84e0cf0aa
03ba55e3-a1fe-4591-8466-1c166835638d;modulo;2023-12-22;fc7070e4-cd03-4209-8f59-327f68e30f27
28293f68-af0f-4dd4-8dda-359a6ee1b1df;camouflage covenant vaguely;2023-12-22;4617fa00-fe21-415d-93de-4cb3d20d2602
