id;type;event_date;amount;currency;account_id;asset_id
fdd52eab-785f-4c3d-a0e1-8a32592e9b3a;RENTA;2023-12-22;13441.37;ameliorate brace lumpy;447c0ba8-b5e3-4d14-a891-c02716e841ae;b0025fdb-a832-417f-b3fb-5f0f548a8c0d
df2ff452-b1c7-4033-b547-ecb7aca5c411;RENTA;2023-12-22;25916.07;ouch opera famously;4e5ced99-37dd-45e3-9bf0-5e65a6963c66;ebcd1c03-c89b-48ed-8792-97cf81ba5d8e
ec15f987-26ea-4754-a999-b889748e9cc7;RENTA;2023-12-22;858.6;along yowza;f8af3f45-1fb6-4466-b856-419c6ef41813;581d2a0d-fba1-46f6-b6bc-8e5648879b02
6cf0f0cd-7f40-492d-abf3-9b8dd329fd9a;DIVIDENDO;2023-12-22;12038.32;lasting taxicab;13d9c317-7999-47c1-9c93-d6900f903567;13a10f3f-1e21-4138-ad7f-b7cb166ae330
210b3192-4467-44f9-92a0-8afaaa07ebd1;AMORTIZACION;2023-12-22;13209.78;peony meh questionably;334cb78b-9e65-46e4-9edb-6a33f094a0fb;8b93aa24-6d8a-4d51-8d3a-8fd80638352d
2abc9ea0-6763-43ee-bd08-5c595d79ab1d;AMORTIZACION;2023-12-22;25132.07;hairy;84d3771c-2bd6-45db-a13c-7404807cd08c;b4b235d3-7d8c-4f02-bab7-032109ea8b68
2556ff79-c2d8-4842-9d8a-997c218ab20a;AMORTIZACION;2023-12-22;2879.72;wherever;1c604048-ece8-4175-bb2d-03f711b46e11;86df24b1-b781-44f1-9ecf-99a91705b885
43cf0412-ca71-44af-9386-74d50b802bdd;RENTA;2023-12-22;10564;aw instead;7494cadf-da03-444f-808d-e00f90640b38;24beace3-65e0-4257-8e7a-69a84e0cf0aa
38f8bd85-cc11-4c77-bfa0-fa23e7c6ee38;DIVIDENDO;2023-12-22;6762.21;er;1c31f1e8-b94e-4e53-a77f-be46efe4f350;fc7070e4-cd03-4209-8f59-327f68e30f27
63c6948c-8ca6-4997-bd5c-5862d842b228;RENTA;2023-12-22;30119.88;engender;d5357852-a070-43bf-a30f-75812373c882;4617fa00-fe21-415d-93de-4cb3d20d2602
