id;type;operation_date;quantity;price;amount;currency;underlying_price;commission;account_id;asset_id
9f728f65-cd7b-4c83-9c45-989d7d7f92c1;SELL;2023-12-22;10408.27;30125.55;14808.84;up;26634.99;10052.15;447c0ba8-b5e3-4d14-a891-c02716e841ae;b0025fdb-a832-417f-b3fb-5f0f548a8c0d
92bec774-0f06-422e-85b3-a3a2b449c331;BUY;2023-12-22;25450.86;9865.2;20833.21;ack for hence;2252.2;4932.67;4e5ced99-37dd-45e3-9bf0-5e65a6963c66;ebcd1c03-c89b-48ed-8792-97cf81ba5d8e
f317e5e9-eafb-426d-9a45-18b7424f09c4;SELL;2023-12-22;11178.97;8158.04;21555.86;secondary before coop;406.45;15921.23;f8af3f45-1fb6-4466-b856-419c6ef41813;581d2a0d-fba1-46f6-b6bc-8e5648879b02
4e336937-ca70-4be1-97c7-9a80a13b53ab;BUY;2023-12-22;32675.62;15780.45;4912.68;merrily without tank;5128.83;28673.64;13d9c317-7999-47c1-9c93-d6900f903567;13a10f3f-1e21-4138-ad7f-b7cb166ae330
d8d4f022-08fa-48a8-a8fc-6cbda8e6d852;BUY;2023-12-22;1083.39;32020.54;14140.78;adolescent exasperation;5286.88;25669.7;334cb78b-9e65-46e4-9edb-6a33f094a0fb;8b93aa24-6d8a-4d51-8d3a-8fd80638352d
82b0c1d6-031a-4905-a972-a4098735ef1c;SELL;2023-12-22;5366.09;23962.09;11773.17;palate overplay;32447.69;3598.05;84d3771c-2bd6-45db-a13c-7404807cd08c;b4b235d3-7d8c-4f02-bab7-032109ea8b68
09fc3f85-08bc-41e9-8df3-e17c81ee38a9;BUY;2023-12-22;4405.33;8225.8;22344.17;avalanche till;17705.3;2528.16;1c604048-ece8-4175-bb2d-03f711b46e11;86df24b1-b781-44f1-9ecf-99a91705b885
cc6f6e80-c248-4d07-a730-cc36ec9f0722;BUY;2023-12-22;22160.46;8388.18;31402.99;swift;18023.75;18718.36;7494cadf-da03-444f-808d-e00f90640b38;24beace3-65e0-4257-8e7a-69a84e0cf0aa
9f5f33b9-8a24-4e40-a8ef-1945f4f88239;SELL;2023-12-22;2266.13;5849.52;11191.3;tidy drat;30024.11;5042.11;1c31f1e8-b94e-4e53-a77f-be46efe4f350;fc7070e4-cd03-4209-8f59-327f68e30f27
495dea9f-ecc2-4ade-9c75-b3684a8bfbc6;BUY;2023-12-22;26059.32;6269.2;29493.5;quadruple bah;30133.36;26611.84;d5357852-a070-43bf-a30f-75812373c882;4617fa00-fe21-415d-93de-4cb3d20d2602
