id;quantity;average_cost;current_value;currency;last_synced_at;account_id;asset_id
9bfcc5b9-c1e5-4e4a-9f72-ecc440a5c211;2143.93;21662.61;30285.32;analyse brr ack;2023-12-22T04:26:46;447c0ba8-b5e3-4d14-a891-c02716e841ae;b0025fdb-a832-417f-b3fb-5f0f548a8c0d
60c293fd-13ec-4b88-83c9-26fbe64df2b3;8066.03;9906.32;9437.62;yearly vestment;2023-12-22T03:26:11;4e5ced99-37dd-45e3-9bf0-5e65a6963c66;ebcd1c03-c89b-48ed-8792-97cf81ba5d8e
26b68f01-9beb-4d18-b7ac-4e03c2ac7e20;6791.49;22389.07;21049.56;below beep;2023-12-22T02:01:25;f8af3f45-1fb6-4466-b856-419c6ef41813;581d2a0d-fba1-46f6-b6bc-8e5648879b02
801e4bc9-2113-4e41-8e9b-7ffcaccf6152;3749.26;19564.78;12340.95;excellent graduate engender;2023-12-22T00:02:34;13d9c317-7999-47c1-9c93-d6900f903567;13a10f3f-1e21-4138-ad7f-b7cb166ae330
e29132db-d7c1-4abb-94bf-147a8c7762e6;4763.43;12541.4;12381.65;insert;2023-12-22T08:28:25;334cb78b-9e65-46e4-9edb-6a33f094a0fb;8b93aa24-6d8a-4d51-8d3a-8fd80638352d
754eafb6-80ff-46e2-bcd6-70de7d3ee15e;9607.41;1152.15;18192.05;till memorise;2023-12-22T05:05:45;84d3771c-2bd6-45db-a13c-7404807cd08c;b4b235d3-7d8c-4f02-bab7-032109ea8b68
bca5fae1-be1d-44f0-8b97-e66b83e3d359;31265.45;6353.81;13762.97;onto monthly;2023-12-22T04:39:09;1c604048-ece8-4175-bb2d-03f711b46e11;86df24b1-b781-44f1-9ecf-99a91705b885
d0e745fd-4db2-4d20-8bf3-77af7e3f2de5;408.07;27620.76;28906.41;indeed promptly;2023-12-22T17:18:13;7494cadf-da03-444f-808d-e00f90640b38;24beace3-65e0-4257-8e7a-69a84e0cf0aa
2b66fad0-52d4-4acf-b6ad-3b42173a9641;11549.85;29667.62;23853.34;paralyse feminize;2023-12-22T14:02:11;1c31f1e8-b94e-4e53-a77f-be46efe4f350;fc7070e4-cd03-4209-8f59-327f68e30f27
55e2741a-40f2-449d-be4b-ff5c6b36d01f;16527.78;21708.94;16785.29;bicycle who ha;2023-12-22T02:06:01;d5357852-a070-43bf-a30f-75812373c882;4617fa00-fe21-415d-93de-4cb3d20d2602
