id;rebate_date;amount;currency;account_id
bf270cb7-4a82-447b-9f3b-04ee1bddb1b5;2023-12-22;23943.24;whether;447c0ba8-b5e3-4d14-a891-c02716e841ae
f03f7864-727c-4ac4-969d-0d918202b96c;2023-12-22;21910.11;overspend edge upbeat;4e5ced99-37dd-45e3-9bf0-5e65a6963c66
9b5ef4b2-2bcc-47b1-9d83-d8b881bf8639;2023-12-22;5718.55;pish separately clinking;f8af3f45-1fb6-4466-b856-419c6ef41813
fb89a262-6ba8-4c53-9d02-40bf8b2e9f9f;2023-12-22;31889.14;nor cricket;13d9c317-7999-47c1-9c93-d6900f903567
f2ea8b25-f1b1-4d69-ba96-69022061532e;2023-12-22;28798.21;save yum;334cb78b-9e65-46e4-9edb-6a33f094a0fb
180a4f38-3ecc-4d1f-8dd8-46fe3bce8c73;2023-12-22;4631.43;onto exalted;84d3771c-2bd6-45db-a13c-7404807cd08c
c68f5018-a90e-4f53-8e7e-c8bbc9050d2b;2023-12-22;17683.4;with;1c604048-ece8-4175-bb2d-03f711b46e11
a36f6fbe-c286-46be-9f03-5fd75c988373;2023-12-22;20438.93;fray happily which;7494cadf-da03-444f-808d-e00f90640b38
14ced39d-44c0-4c4d-a4d7-959d3227a8a5;2023-12-22;1966.68;finally asset geez;1c31f1e8-b94e-4e53-a77f-be46efe4f350
e6b1fef7-4b3a-4e2a-aeb5-a43705aeb2e6;2023-12-22;8172.46;first;d5357852-a070-43bf-a30f-75812373c882
