id;type;tax_date;amount;currency;account_id
258195b9-bcf0-431c-a5c8-c8c6d263f034;OTRO;2023-12-22;31108.08;soliloquy hence;447c0ba8-b5e3-4d14-a891-c02716e841ae
555dccea-4e22-4ff1-8d68-ef1ba2a6116b;RETENCION_DIVIDENDO;2023-12-22;16684.88;whereas;4e5ced99-37dd-45e3-9bf0-5e65a6963c66
e9c7d0c2-d29a-499c-9456-b797c24e11eb;INGRESOS_BRUTOS;2023-12-22;8936.36;till dock;f8af3f45-1fb6-4466-b856-419c6ef41813
0964b9e3-037c-4cb7-bd1d-916748b7d520;OTRO;2023-12-22;3593.02;bah down;13d9c317-7999-47c1-9c93-d6900f903567
0e0d80f3-9ba3-477c-9c65-2b0f83dc49c1;BIENES_PERSONALES;2023-12-22;18819.65;alliance;334cb78b-9e65-46e4-9edb-6a33f094a0fb
1c60f9c0-c47e-414a-b7d3-0e91f9e2eb8b;OTRO;2023-12-22;10102.1;recent;84d3771c-2bd6-45db-a13c-7404807cd08c
e48b2e02-aae1-4d28-a1c3-f5108b95b865;IVA;2023-12-22;7098.59;chow mechanically;1c604048-ece8-4175-bb2d-03f711b46e11
5b422ca0-8bcb-4835-aebd-67dde117d528;INGRESOS_BRUTOS;2023-12-22;25790;but oof punctuation;7494cadf-da03-444f-808d-e00f90640b38
aee11508-39a5-4186-a134-7e112f9da976;RETENCION_DIVIDENDO;2023-12-22;28360.98;given;1c31f1e8-b94e-4e53-a77f-be46efe4f350
e408b510-32a5-40cf-a6cd-dfd756a35c0e;OTRO;2023-12-22;9392.5;term quaintly;d5357852-a070-43bf-a30f-75812373c882
